start_x,start_y,end_x,end_y
190.3524018446835,279.6356909855071,187.96137422152796,280.7902587159051
174.1889394011339,55.33630950106875,170.80332789695626,52.78272573815381
160.10222996047605,61.31547488761823,153.44989896373045,56.1623688919099
163.10967836657755,30.98322566513704,154.8711133467201,27.005104186953357
93.88112595615226,59.862703536419666,98.79662887024108,61.62586414311356
104.1643300301923,2.5205315320208777,108.51868593649706,0.7612004561038287
51.170079465457704,23.93229342508895,55.20198970936463,23.977045572326332
