start_x,start_y,end_x,end_y
270.07606343104464,14.636600642117227,274.60620340058165,14.671475084937269
243.15531121219152,26.06323157568776,245.86419805036726,24.91343271832289
229.55425260592472,31.836260343094775,234.07799775432156,31.89433749280944
