start_x,start_y,end_x,end_y
176.67257964837034,25.32530716475047,182.68096927084932,26.553535418160216
91.04474258108918,7.821360954117037,95.62396706005346,9.2931360512166
64.54845981851197,18.526901489513172,65.8486575766923,16.339553416042637
