start_x,start_y,end_x,end_y
298.69571549364076,32.7239184581952,299.4624759748618,30.304707442739957
296.62808536214754,3.366478890678681,295.87986646987696,5.631021255032391
139.4913026128384,13.631318066976235,148.10397324548356,18.934369304446932
126.15265988545758,19.105140257132902,130.7041885287259,22.53811229942145
