start_x,start_y,end_x,end_y
71.28972123553613,390.7809059846412,76.19578423013063,399.71813556180774
