start_x,start_y,end_x,end_y
133.47595129876876,235.59554232229203,145.72822327321379,220.20054547828335
286.2864816982152,371.20312366788437,287.19173209427254,368.13116486205934
149.83364306471287,355.72907467737207,156.27643531559468,355.81476103773906
