start_x,start_y,end_x,end_y
281.72152047958247,219.87142258789586,286.04889699271666,222.13873533125596
