start_x,start_y,end_x,end_y
191.04543073920726,30.09553724723452,201.08193395340842,23.61312524053578
220.54857838510168,47.23415932877161,232.8606002674387,42.230911846858994
43.510291947481505,95.06154010528732,39.37020237897742,84.9114937665515
214.8883109848596,184.8544123723264,208.36348681683586,195.7454552601417
259.8486855492717,208.41123251190322,264.2549982301698,210.71990356520928
