start_x,start_y,end_x,end_y
192.81570792230963,374.7793556616111,205.34652805244394,369.1714318897453
155.10835652766005,394.4674229438443,150.82699420865293,392.6313735368135
