start_x,start_y,end_x,end_y
149.83364306471287,355.72907467737207,149.4311851311276,352.77335856059204
