start_x,start_y,end_x,end_y
224.6140831701646,342.71367695703344,235.2887639942559,336.724632078981
