start_x,start_y,end_x,end_y
7.219619915752444,174.0590015905327,4.7850556724938915,167.43911264690976
