start_x,start_y,end_x,end_y
62.05472769518131,354.56165293193993,63.89099378012926,355.34913014251185
