x_world_start,z_world_start,x_world_end,z_world_end
-12.918705088557878,6.3592570449630115,-12.797902052856925,6.329267194581662
-9.54696165150306,8.137348763779816,-9.635715083327502,8.090544567348587
-4.219414091867524,12.151341727841588,-4.268189905346882,12.302001042953242
-53.6146039997201,13.705973490378746,-56.17342830602398,14.402185420423077
-169.28252086429012,45.17721731360599,-200.1171223888811,53.17443098768622
-93.5670992948716,158.34746207332225,-89.7575150034537,149.53202068215555
44.1837191142229,-34.4290544295814,47.83508719992799,-37.0233452853694
44.96625123300945,-37.621521444781514,47.48490142061303,-39.49092625390859
