x_world_start,z_world_start,x_world_end,z_world_end
-12.918705088557878,6.3592570449630115,-12.797902052856925,6.329267194581662
-12.401169888709946,6.632179665033303,-12.503646988586818,6.578138280787713
-22.187527475103163,8.03253154383868,-21.89480242004184,7.967101716904943
-2533.9027853268312,1534.398974474812,573.0124835652119,-348.06739121736695
90.56626815835173,-37.26796906301971,86.01710854915429,-34.82943212508304
-54.40764038796171,116.7461241784564,-43.87933692328458,94.51096685802298
-376.7740977576741,813.6931653148331,-509.27155573028205,1070.2596021022714
84.92097352341862,-200.6233075074506,83.00757743256041,-192.81729704419936
31.94044734906635,-26.978727267329834,34.66025500751871,-29.61727099609794
