x_world_start,z_world_start,x_world_end,z_world_end
-12.918705088557878,6.3592570449630115,-12.56165056467133,6.270616791121634
-12.401169888709946,6.632179665033303,-12.146573857145215,6.402566903953838
-11.896319609302905,6.898412881710108,-11.775145927303315,6.780370836495511
-13.771588819394095,7.4625104982396815,-13.225577049407464,7.090581724333339
-20.01921183908192,6.464520636696589,-19.728585493913737,6.447483716886059
-53.6146039997201,13.705973490378746,-56.17342830602398,14.402185420423077
-169.28252086429012,45.17721731360599,-237.6404536931395,63.77623102133424
-32.86561882197816,64.59237510161573,-29.93654164883924,58.75714561213688
