x_world_start,z_world_start,x_world_end,z_world_end
-9.109273599097481,8.36816392392949,-9.22185236686078,8.482479400649648
126.0242532668784,-159.91933502187575,128.3757884389832,-164.47281860804364
